1_Apellido1Apellido2Nombre1;6
2_Apellido1Apellido2Nombre2;6
3_Apellido1Apellido2Nombre3;6
4_Apellido1Apellido2Nombre4;6
5_Apellido1Apellido2Nombre5;0
6_Apellido1Apellido2Nombre6;6
7_Apellido1Apellido2Nombre7;6
8_Apellido1Apellido2Nombre8;6
9_Apellido1Apellido2Nombre9;6
10_Apellido1Apellido2Nombre10;6
11_Apellido1Apellido2Nombre11;6
12_Apellido1Apellido2Nombre12;6
13_Apellido1Apellido2Nombre13;6
14_Apellido1Apellido2Nombre14;6
15_Apellido1Apellido2Nombre15;6
16_Apellido1Apellido2Nombre16;6
17_Apellido1Apellido2Nombre17;6
18_Apellido1Apellido2Nombre18;6
19_Apellido1Apellido2Nombre19;0
20_Apellido1Apellido2Nombre20;6
21_Apellido1Apellido2Nombre21;6
22_Apellido1Apellido2Nombre22;6
